{ "FruitySparkle" : { "angle" : 270.0, "angleVariance" : 178.0, "duration" : 0.0, "emitterType" : 0.0, "finishColor" : "#e1ff27", "finishColorAlpha" : 0.0, "finishColorVariance" : "#ffffff", "finishColorVarianceAlpha" : 1.0, "finishParticleSize" : 25.0, "finishParticleSizeVariance" : 32.0, "gravity" : "1.0, 30.0", "maxParticles" : 70.0, "maxRadius" : 0.0, "maxRadiusVariance" : 0.0, "minRadius" : 0.0, "minRadiusVariance" : 0.0, "particleLifespan" : 0.0, "particleLifespanVariance" : 0.4500000000000000111, "positionType" : 0.0, "radialAccelVariance" : 0.0, "radialAcceleration" : 0.0, "rotatePerSecond" : 0.0, "rotatePerSecondVariance" : 0.0, "rotationEnd" : 0.0, "rotationEndVariance" : 0.0, "rotationStart" : 0.0, "rotationStartVariance" : 0.0, "sourcePositionVariance" : "0.0, 0.0", "speed" : 76.0, "speedVariance" : 7.0, "startColor" : "#dfff15", "startColorAlpha" : 1.0, "startColorVariance" : "#365faa", "startColorVarianceAlpha" : 1.0, "startParticleSize" : 24.0, "startParticleSizeVariance" : 3.0, "tangentialAccelVariance" : 2.0, "tangentialAcceleration" : 0.0, "textureFileName" : "stars.png", "visible" : true, "x" : 0.0, "y" : 0.0 } } 
